NHSER20 Code,NHSER20 Name,total_population,total_population_below_80,total_population_80_plus,regions_proportion_of_total_england_population,regions_proportion_of_80_plus_england_population,percent_of_total_england_doses,vaccinations_per_head,percent_first_doses_given_to_over_80s,percent_over_80s_vaccinated
E40000008,Midlands,10601877,10061478,540399,18.8354048817807,19.048496914306984,18.86344267348456,0.042193377644354865,81.13519239337867,35.717867723663446
E40000009,North East and Yorkshire,8603721,8159306,444415,15.28546016190144,15.665161771527591,18.261099844944372,0.05033229227214597,80.2863154582817,45.934543163484584
E40000005,South East,8897835,8398580,499255,15.807986151535166,17.59821414723627,17.342320403034993,0.04621989506436116,79.16310365974796,36.71450461187169
E40000010,North West,7061412,6715336,346076,12.54537796062573,12.198815353314316,13.428525765505459,0.04509650477836444,77.69998994802538,37.97056137958136
E40000006,South West,5631114,5284080,347034,10.004295666273402,12.232583846675531,12.032181738520634,0.05067061331026152,75.77463947690562,36.56586962660719
E40000003,London,8961989,8660256,301733,15.921962814798263,10.635771197660599,10.016163400040567,0.026503491579826757,76.52768805181466,30.62243771811502
E40000007,East of England,6529013,6170961,358052,11.599512363085298,12.620956769278708,9.95286764355507,0.0361498744144023,70.96076676969795,29.23793192050317
